user,
kevin_ooxx,
zx_iamcoming,
77witch_7two,
imf_502,
pinkcat_yi,
jolyne.ovo,
ruru1419,
nnonimo_,
liiiiiiiiiiji,
patrickbrasca,
dt_0902,
shinybearnrd,
vicohsu,
dogdogbengpeng,
doraelun1978,
rachelliao_illustration,
_____8.14,
rabbitworld_vivian,
ice_i_eat,
ettodaypets,
swinghong_0618,
__helenka__,
akazii_,
nanitori,
wuipei29,
shirley.lyn,
33.lovable_,
qqmayya,
_4in,
sunrise1225,
liaobohao,
benlinmarketing,
hotainan,
misscoolkiki,
9ze.jin_sweett,
nikkilyxx,
borismissed1031,
yurong_ccc1107,
qq_babysoda_,
lagame5379,
earth85_,
fisheeptung,
mainasu_com,
mejack,
madeinparadise99,
kmic_7,
livinglifelove2023,
qun_04,
kuma.xiong_,
jiejie_unclecat,
vivi0z1,
milky.mindset,
stickerhd,
apalulu_,
ex_22746661,
zongyenyen,
fuwawanwan_,
rshuen_01,
overheardingclub,
kawai_1023,
mis4nthrxp3boi,
wu.2an,
meng___meng___23,
exchangediary.jpg,
sharon_fengmi,
_capocapo__,
minayuyu,
she11y._,
circuskidd,
chang.yu.sheng_14,
tom_mountain33,
ellen0410,
wade.4me_,
kiki77.tw,
nuomi0213,
boborobo0909,
29words_,
mlw1205,
d_n_a_timeout,
donbear1978,
wangmiha,
1006nk,
linda831212,
loveschinchin,
miyinmemes,
1xyl0_,
peter_and_susan,
06.05.87_00,
marcohu1216,
adinoki0406,
who_153,
youngjoppa,
chilinwang,
huimei_xu,
myrmyr.land,
yutingchouart,
gologolotzou_0728,
night______night,
ap_055,
l1mboiii,
wolfschclub,
hane_1995mouse,
cgrasssugac,
jessie.fujisaki,
23.xnnii,
zffff_0507,
usaminjoke,
la.tte____,
real_feeling_food,
angelababy_0218,
chenn0517,
eatinglife22,
inhon_,
crazyeyes0128,
dr.lazyhong,
tina.wu1002,
lillianlululu,
foodtaichung_teddy,
cching_____,
itsberrym,
hsinni_o7,
misswater1119,
johnny.run,
aries_8248,
8planet._,
yang_iq300,
lilfish,
vivi.isafit,
haloochichi,
e1and_official,
bunny_is_moving,
hsuanfu,
katrina0725,
_chinchin_77_,
haaaa.4,
chiaoyu_95,
circle8276_,
_miao.4780,
lynnjw_0514,
siamihomemade,
bretttsai,
shaoyenya,
kelly51633,
yujie.v,
yayayxc,
cc.cece01,
yu_shan910209,
todayfor_han,
pin_ceramics,
_sabrina1996,
dududuck_0527,
tuna.omelette_,
_im_a_puppy_,
0.norge,
killer41177880800,
taijiang_gameboy,
enforacqua,
z.y.c_1026,
zhiting_li,
rose0122x,
jeans1225,
tsaibrotherderboofan,
callmebabe.u,
_xxelk03,
inkiiing,
dubbi_030,
___emilyemilyemily,
bobohaejo,
j_lii.n,
summer_e_a_a_o,
saku_idol.station,
h_s_i_u_n_g,
weni_1107,
ddkogi88,
notbecauseoftheweather,
i_a_m_gloomy,
chenyiyun89,
69tang_0507,
joanpong_515,
yingcih_7,
ray_art_worker,
yun_shan_33,
jordan____foodie,
about_hsuan,
haruna_dlife,
rock_love_food,
we77123,
jj_comedian,
hahahanfi_0120,
y.veissy,
vv.bymi,
fanjjjjunnn,
___.yth.___,
ying_mememaomao,
annie72127,
ichi.527,
yaya__527,
munmunscone,
meiiup3vup,
3ni_sparkle,
gaooo.tt,
qqamy0720,
163braces,
ayi__dailylife,
yehdaya,
ani3small_meme,
my_airlife,
prince_pstar,
_ning.713,
17.wx,
sparksine,
savestock_168,
lisa_lin_0718,
matcha_labu,
renwu_zzz,
theia_04_22,
12uu.u,
kr.seafood,
taylornation,
yijing5252,
yyshadowpoems,
judge_ad,
newjeans_dani,
1yzxnh,
imwhitewhitedragon,
haaaru._.79,
your.helianthus,
hyuk_lily,
yijun1.17,
lorraineofficial___,
everyday_is_summer_day,
mmssys0502,
morning_0903,
abook04136,
lillian___lin,
young_king_da,
summer_peko.0408,
yuzdrawcooking,
1029_kawa,
tobio._.satoru,
ariel___71,
hsinchutararebagirl,
wanderer_alive,
easonillus,
playbear520,
oolongtalkshit,
tenpuraiebi,
lady_withbird,
peiyuanhou,
be.my0901_jk,
7n.78n,
melodyliiiin,
where_you_are_is_mi_casa,
ww._diary,
andy.0725,
mikelee0417,
rijiwoo_eggbing,
feesh_mdy,
nightonly_official,
97my_euphoria,
feiken631,
lny___fe3,
kpopnews.hk,
c_cbow,
uq811_,
have24_7,
myfirsttaehan,
c.j.u_0201,
zhao__92,
lazydog_foodlab,
vevejcjc,
neverwere_official,
louielu0630_,
fpcchannel.tomi,
zhao_zhexi,
yaaa_n_don,
mercyw__________,
bigpotterisme,
ilady.life,
1998y_x,
st_moomoo,
10.am.10.pm,
susu_treeblossem,
zzrou7789,
papaaawan,
xin._.11.27,
7zxbb,
xew.1226,
31._justin,
bblythe_0524,
funny11235813,
kunsun5705,
mayukichou,
memoir_flower,
__mu.91,
cny_.08,
laichahung,
l1loool1l,
seenderella_meme,
dell_1018,
david82426,
pupuders,
zuiin.e,
thisisroxy,
love_lesson_mrd,
pisserwang,
v.aantunes,
ting626723,
ilin_0724,
jeff.1123,
lin__sheep,
potatoisyourbestfriend,
1nnze23,
alexeylin816,
damnyou7788,
lu_faline,
winter_birch,
knews_taiwan,
tingyu_wang1969,
fang_achon,
mevictord,
hk_sport_athlete,
chiahsinlin,
petite_marina,
wan_wan.wan,
pennychiou,
li.chiyue,
eric_lin_0,
360lin,
william_chingte,
gokhand.44,
my___0610,
flow__tong,
wei_xiang.74,
passerbyme,
zyr115,
_8.zm.11_,
l.yun_ching,
eijo_015,
lin.1217_,
ymzy_yyz,
_xczw6,
s_iluso,
llcoiii,
_hixxzc,
lamimzi,
y4uanc,
wh_.415,
isabelleliu_,
leezhkn,
nslmc3_x1k,
li_qi.0503,
haru.haku._,
isaro_719,
nelson__forest,
fenix_mook,
w.w.0613,
jieceling_0810,
_xyooooolin,
asmallcave,
ai.zzz_rrr,
dodohua,
_eleanor1228,
tattooer.louis,
savoirtw,
chenwancai50,
pts.news,
ghibliarchives,
rejectness,
jamesgunn,
pixar,
moko__to__moko,
girls,
empire_of_samurai,
0t1n9o,
tou_koushi,
tomo.y9,
remu19971203,
loshihtang,
banahehehehe,
memecatxd1314,
juringchu,
dcard.video,
nude.1000_,
zoo_zoo._._,
mr.doumiao,
gracieabrams,
hk.startup,
noyessterling,
hopzzz11,
xiaoer_1996,
raneemgodah0,
talkpersia,
hsuhsianghuimay,
anchihinwoods,Reply from kevin_ooxx
thomastapy,Reply from kevin_ooxx
iimyaki,Reply from kevin_ooxx
ps1hagrid666,Reply from kevin_ooxx
omi_kim,Reply from kevin_ooxx
gorilla66678,Reply from zx_iamcoming
isa.sapcu,Reply from zx_iamcoming
lihaocreator_eva,Reply from zx_iamcoming
studio_ghibli_films_gallery,Reply from zx_iamcoming
nsdd._.738,Reply from zx_iamcoming
futsuu.murmur,Reply from zx_iamcoming
warslinnn,Reply from zx_iamcoming
brianbrianliu,Reply from zx_iamcoming
akira_kuwa,Reply from zx_iamcoming
allstarletsdebate,Reply from zx_iamcoming
arasami63611,Reply from zx_iamcoming
nadaabdelaal11,Reply from zx_iamcoming
pale_flare,Reply from zx_iamcoming
catsillys,Reply from zx_iamcoming
kookv_panda,Reply from zx_iamcoming
vuiveisfunny,Reply from zx_iamcoming
liveinhsinchu,Reply from zx_iamcoming
elvajordan8,Reply from zx_iamcoming
linxilei93,Reply from 77witch_7two
sunfish3200,Reply from 77witch_7two
clickonthisprofile,Reply from 77witch_7two
kira_kuo,Reply from 77witch_7two
jr_1485_,Reply from 77witch_7two
cat_dodo_2021,Reply from 77witch_7two
fooyuu_alien,Reply from 77witch_7two
kingshikha,Reply from 77witch_7two
lisayu7777,Reply from 77witch_7two
frabbitbox,Reply from 77witch_7two
imwithered,Reply from 77witch_7two
chewchew.com.tw,Reply from 77witch_7two
rusyun_0904,Reply from 77witch_7two
y.t197_,Reply from 77witch_7two
cc_wlemon,Reply from 77witch_7two
21nhee_,Reply from jolyne.ovo
dennislee82,Reply from jolyne.ovo
mitominto,Reply from jolyne.ovo
ferferlinn,Reply from jolyne.ovo
htcherrrrrrrrie_07,Reply from jolyne.ovo
viiyuu1021,Reply from jolyne.ovo
xxi.galaxy,Reply from jolyne.ovo
lizi.4elvis,Reply from jolyne.ovo
gg8_9,Reply from jolyne.ovo
bean_641,Reply from jolyne.ovo
pupu_kawa,Reply from jolyne.ovo
zmei,Reply from jolyne.ovo
hyou_1028,Reply from jolyne.ovo
notfouunndd_404,Reply from jolyne.ovo
wuye.hq,Reply from jolyne.ovo
1ne__t,Reply from jolyne.ovo
jiclxo_,Reply from jolyne.ovo
two3_07,Reply from jolyne.ovo
kurii__.4015,Reply from jolyne.ovo
lzhiyya_,Reply from nnonimo_
cian_5in,Reply from nnonimo_
uji_c_m,Reply from nnonimo_
alohakikiw,Reply from nnonimo_
fohannnn__,Reply from nnonimo_
yuvawww_,Reply from nnonimo_
le__sillage1,Reply from nnonimo_
rigel_fu,Reply from nnonimo_
eve_bpd0125,Reply from nnonimo_
1satooo,Reply from nnonimo_
shawn.39,Reply from nnonimo_
meiya.49kg,Reply from nnonimo_
77.sweet16,Reply from nnonimo_
liuyyzn,Reply from nnonimo_
wsx891110,Reply from nnonimo_
yyiriun,Reply from nnonimo_
yatogamihina,Reply from nnonimo_
okgo.27s,Reply from liiiiiiiiiiji
shukpig.s,Reply from liiiiiiiiiiji
ayao1210,Reply from liiiiiiiiiiji
zoe_su1999,Reply from liiiiiiiiiiji
hlljc_,Reply from liiiiiiiiiiji
filmbill_tw,Reply from liiiiiiiiiiji
snakespotart,Reply from liiiiiiiiiiji
weeklybestmessage,Reply from liiiiiiiiiiji
teweisun,Reply from liiiiiiiiiiji
chi_yu_77,Reply from liiiiiiiiiiji
ting_de_letoile,Reply from liiiiiiiiiiji
li_yushen_1983,Reply from liiiiiiiiiiji
chris90701,Reply from liiiiiiiiiiji
piscoband,Reply from liiiiiiiiiiji
post_for_taiwan,Reply from liiiiiiiiiiji
ju.lee.daily,Reply from liiiiiiiiiiji
cleohua,Reply from liiiiiiiiiiji
dindindindinlin,Reply from liiiiiiiiiiji
hsingshen,Reply from liiiiiiiiiiji
yu_yun_sarah,Reply from shinybearnrd
jaihang,Reply from shinybearnrd
yasinchang,Reply from shinybearnrd
nene_shao,Reply from vicohsu
hanaaaaa.27,Reply from vicohsu
weneverchange,Reply from vicohsu
huangjie_official,Reply from vicohsu
imin_art1201,Reply from vicohsu
han1chia,Reply from vicohsu
yuliannnnna.0469,Reply from vicohsu
midori.cestlavie,Reply from vicohsu
naivety__kind5,Reply from vicohsu
weijin_huang,Reply from doraelun1978
qiufengze,Reply from doraelun1978
reasonbrothers,Reply from doraelun1978
ying0114__,Reply from rachelliao_illustration
nine.fz1031,Reply from rachelliao_illustration
victoria.624_,Reply from rachelliao_illustration
wingony,Reply from rachelliao_illustration
dumpling._kou,Reply from rachelliao_illustration
karenchaochao,Reply from rachelliao_illustration
x78,Reply from rachelliao_illustration
oneokrock_tw,Reply from rachelliao_illustration
livetws,Reply from rachelliao_illustration
igsummer_sue,Reply from rachelliao_illustration
jocelyn_wang_music,Reply from rachelliao_illustration
w0lfs.official,Reply from rachelliao_illustration
lily__123333,Reply from rachelliao_illustration
commitmoose,Reply from rachelliao_illustration
_fengmi.bb,Reply from rachelliao_illustration
wei21925,Reply from rachelliao_illustration
kssogo.tw,Reply from rachelliao_illustration
fangwei_907,Reply from rachelliao_illustration
xue.50,Reply from _____8.14
_yuan0915,Reply from _____8.14
chiayi727,Reply from _____8.14
zheyu._.1,Reply from _____8.14
lzy_0426_,Reply from _____8.14
xw.l1485,Reply from _____8.14
kimyuanii,Reply from _____8.14
lilithyeh810126,Reply from _____8.14
anneball197kz9,Reply from _____8.14
love99nellie,Reply from _____8.14
lmchaemn,Reply from _____8.14
dennis__0109,Reply from _____8.14
lu___stone,Reply from _____8.14
you.dunno.who.i.am,Reply from _____8.14
mika_0826,Reply from _____8.14
lebaby0v02665,Reply from _____8.14
pobixchon,Reply from _____8.14
jokerbing23,Reply from _____8.14
wy_lwf,Reply from _____8.14
bird615,Reply from _____8.14
yumihuanghuang,Reply from _____8.14
chenxinyu422,Reply from _____8.14
melody_pin23,Reply from rabbitworld_vivian
hau_how_,Reply from rabbitworld_vivian
matsu_to_maki,Reply from rabbitworld_vivian
bigmouthbird.707,Reply from rabbitworld_vivian
imsallylin,Reply from rabbitworld_vivian
evmier_,Reply from rabbitworld_vivian
prada__1994,Reply from rabbitworld_vivian
sinbaeably,Reply from rabbitworld_vivian
11.sns,Reply from rabbitworld_vivian
ben_xux,Reply from rabbitworld_vivian
carrita1217,Reply from rabbitworld_vivian
911_eo,Reply from rabbitworld_vivian
chijyu_luna,Reply from rabbitworld_vivian
z0304261pei,Reply from rabbitworld_vivian
yuchen_1211,Reply from rabbitworld_vivian
xain_1207,Reply from ettodaypets
00.muse.00,Reply from swinghong_0618
dy2_0_1,Reply from swinghong_0618
spongebob_lover_shop,Reply from swinghong_0618
momit_sam_york,Reply from swinghong_0618
herethere.design,Reply from swinghong_0618
kungfugatsby,Reply from swinghong_0618
taichiu727,Reply from swinghong_0618
tara_micha_1111,Reply from swinghong_0618
ami_tseng,Reply from swinghong_0618
mazishushu,Reply from swinghong_0618
yunlinynn20ch,Reply from swinghong_0618
septetone,Reply from swinghong_0618
nook_taipei,Reply from swinghong_0618
sawada.tw,Reply from swinghong_0618
ban_tatts,Reply from swinghong_0618
thealicetsai,Reply from swinghong_0618
daishukiholdings,Reply from swinghong_0618
fukuyama_shuka,Reply from __helenka__
petviewapp,Reply from __helenka__
moodlab___,Reply from __helenka__
yuyu_0784,Reply from __helenka__
mistroll0501,Reply from __helenka__
mingyuhahaha,Reply from __helenka__
bossss.23,Reply from __helenka__
armie_full_human,Reply from __helenka__
annielam.hk,Reply from __helenka__
designnotdeep,Reply from __helenka__
hayako.illust,Reply from __helenka__
yuehxiong,Reply from __helenka__
sweet.potato.ball,Reply from __helenka__
manishkhosiya,Reply from __helenka__
sian._ktt,Reply from __helenka__
p.peiru0612,Reply from __helenka__
zy.lizyu__,Reply from akazii_
xin_yeee719,Reply from akazii_
chenghsi19,Reply from akazii_
lucas_emoemo,Reply from akazii_
u7_0119,Reply from akazii_
jingtianmi,Reply from akazii_
hongwen_0420,Reply from akazii_
fyou777,Reply from akazii_
almahoylehoyle,Reply from akazii_
savethechrome,Reply from akazii_
looryfilmnotes,Reply from akazii_
huadiouchen,Reply from akazii_
hsin.ju.wu,Reply from akazii_
lting_0223,Reply from akazii_
rong.rongaaa,Reply from akazii_
maomaotuo00,Reply from akazii_
fiishnim,Reply from nanitori
eternally.c__,Reply from nanitori
_yen_uu,Reply from nanitori
097shsom,Reply from nanitori
radiant.517,Reply from nanitori
_hhale.y,Reply from wuipei29
wi__517,Reply from wuipei29
genpix.tw,Reply from shirley.lyn
trash_onedoor,Reply from shirley.lyn
floor1der,Reply from shirley.lyn
s991506169,Reply from shirley.lyn
u___tungg,Reply from shirley.lyn
vvs_amnesia,Reply from shirley.lyn
c_liro,Reply from shirley.lyn
tan.sin.an_,Reply from shirley.lyn
familycare.tw,Reply from shirley.lyn
i.linirie,Reply from shirley.lyn
adamhongweiho,Reply from shirley.lyn
viviann.lin,Reply from shirley.lyn
14u._.uuuuuuuu,Reply from shirley.lyn
lypei___,Reply from shirley.lyn
info.talk_tw,Reply from shirley.lyn
decjin4._1992s._,Reply from shirley.lyn
_willyourememberme,Reply from shirley.lyn
_mengcc,Reply from shirley.lyn
hee_yoi_,Reply from shirley.lyn
yannxsim,Reply from shirley.lyn
fishy_baebee_,Reply from 33.lovable_
li__0526,Reply from 33.lovable_
chong_harsh_33,Reply from 33.lovable_
simsimya2_,Reply from 33.lovable_
yufei_15,Reply from 33.lovable_
nacatlover99,Reply from 33.lovable_
hoonie__02,Reply from 33.lovable_
debby785671,Reply from 33.lovable_
yufen0212,Reply from 33.lovable_
panyutinnnn,Reply from 33.lovable_
linsunghan,Reply from 33.lovable_
chrischen0406,Reply from 33.lovable_
cynosure8217,Reply from 33.lovable_
taylorswift,Reply from 33.lovable_
sammisrepera,Reply from 33.lovable_
enchanted2meetu,Reply from 33.lovable_
yisan0519,Reply from 33.lovable_
ness.wellness,Reply from qqmayya
_unix.l,Reply from qqmayya
holiao_comes,Reply from qqmayya
x__x__x0101,Reply from qqmayya
hsioufeng.chen,Reply from qqmayya
read.chouuu,Reply from qqmayya
sherrys_notes,Reply from qqmayya
bill.chingwei,Reply from qqmayya
career.honesttree,Reply from qqmayya
outpsycder,Reply from qqmayya
_chu__yu_,Reply from qqmayya
kent5211,Reply from qqmayya
guan.0104_,Reply from qqmayya
hotsoup.psy,Reply from qqmayya
taisounds,Reply from qqmayya
xinnchangg,Reply from qqmayya
evan__1028,Reply from _4in
crispyfriedabc,Reply from _4in
janisfreelife,Reply from _4in
sydneysie,Reply from _4in
antarescounseling_education,Reply from _4in
ssuenchen,Reply from _4in
delis.ver,Reply from _4in
97071234z,Reply from _4in
whxwb._,Reply from _4in
tim.lxn,Reply from _4in
9.wee_,Reply from _4in
_louis._z,Reply from _4in
dolphin_rollrollroll,Reply from _4in
x_y_408_,Reply from _4in
barbie.su.910604,Reply from _4in
tseng0917,Reply from _4in
xizhen._,Reply from _4in
abcde0227,Reply from _4in
zilanchue,Reply from _4in
may82jim,Reply from _4in
3xiion_,Reply from _4in
1yznni_,Reply from _4in
qerthanini,Reply from sunrise1225
jhmc16_qwjz,Reply from liaobohao
mimi51720,Reply from liaobohao
1iniob,Reply from liaobohao
jjyytt_0206,Reply from liaobohao
ice.10.25,Reply from liaobohao
yuru_du0428,Reply from liaobohao
1kiyua,Reply from liaobohao
fan.crayon,Reply from liaobohao
its_me__adrienne_,Reply from liaobohao
elf_kawi,Reply from liaobohao
blossom_in_haru,Reply from liaobohao
ccy1xbb,Reply from liaobohao
licomumu,Reply from liaobohao
awon_sw,Reply from liaobohao
_eiatting,Reply from liaobohao
samuelliao,Reply from liaobohao
wlsdhrtkd_,Reply from liaobohao
hee_cherryup,Reply from liaobohao
yesung1106,Reply from liaobohao
scool.official,Reply from hotainan
_0509__0429_,Reply from hotainan
bingninggo,Reply from 9ze.jin_sweett
shanice0718,Reply from 9ze.jin_sweett
aaa_appleday,Reply from 9ze.jin_sweett
xu_92,Reply from 9ze.jin_sweett
zhixuanxuan1106,Reply from 9ze.jin_sweett
joyyetw,Reply from 9ze.jin_sweett
sunshin_elf,Reply from 9ze.jin_sweett
__chsuannn,Reply from 9ze.jin_sweett
jj_1994_hui,Reply from 9ze.jin_sweett
yy_elf_sujuuu,Reply from 9ze.jin_sweett
jun_988,Reply from 9ze.jin_sweett
dollyhaesss,Reply from 9ze.jin_sweett
theresac1223,Reply from 9ze.jin_sweett
ccps960130,Reply from 9ze.jin_sweett
mimi_black_nunu,Reply from 9ze.jin_sweett
cuteyddd,Reply from 9ze.jin_sweett
ayui0109,Reply from nikkilyxx
dear.myblue9,Reply from nikkilyxx
dearbabylovesjforever,Reply from borismissed1031
una_00315,Reply from borismissed1031
hyuk_wnnn,Reply from borismissed1031
viciou,Reply from borismissed1031
peoplefromdrizzle,Reply from borismissed1031
ampersand_girl,Reply from borismissed1031
hanhanhan0614,Reply from borismissed1031
shin__t_,Reply from borismissed1031
b.c.lowy,Reply from borismissed1031
agehaayai_elf,Reply from borismissed1031
lovegood9,Reply from borismissed1031
elain0318,Reply from borismissed1031
_ode.eunhae_,Reply from borismissed1031
jennifer.suju,Reply from borismissed1031
haebao.65,Reply from borismissed1031
msnaimee27,Reply from borismissed1031
milians.day.by.day,Reply from borismissed1031
huang_cona,Reply from borismissed1031
yu__wu,Reply from yurong_ccc1107
withyou.studio_,Reply from yurong_ccc1107
hillododo,Reply from yurong_ccc1107
obaoba420,Reply from yurong_ccc1107
lee_tidus,Reply from yurong_ccc1107
_tzouyue_,Reply from yurong_ccc1107
fanfan.ww,Reply from qq_babysoda_
hsiang_5208,Reply from qq_babysoda_
xiagliin,Reply from qq_babysoda_
cathy_510,Reply from qq_babysoda_
albee_12.22,Reply from qq_babysoda_
jacobbbb95,Reply from qq_babysoda_
m1ndy_99,Reply from qq_babysoda_
wo71_ccc,Reply from qq_babysoda_
sop_liu0729,Reply from qq_babysoda_
yacdk,Reply from qq_babysoda_
jacky.klatch6,Reply from qq_babysoda_
joanne7776,Reply from qq_babysoda_
hsia_just,Reply from qq_babysoda_
loft_warm,Reply from qq_babysoda_
li_yi_lin_309,Reply from qq_babysoda_
todaiijapanese.tw,Reply from qq_babysoda_
toodleofficial,Reply from qq_babysoda_
tingyu9541,Reply from qq_babysoda_
gauravhere__,Reply from lagame5379
yabukinako,Reply from lagame5379
jinung86,Reply from lagame5379
kohataiwan,Reply from lagame5379
kylame,Reply from lagame5379
shin._.527,Reply from lagame5379
sandralalala0302,Reply from lagame5379
satellite.1015,Reply from lagame5379
nothing0223,Reply from lagame5379
z61n5y,Reply from lagame5379
sue.luo,Reply from lagame5379
xiouyoung_,Reply from lagame5379
watchaudiofoodie,Reply from lagame5379
_xia.163,Reply from lagame5379
handouali1,Reply from lagame5379
oppssim___k,Reply from lagame5379
wow_videotheque__,Reply from zx_iamcoming
x.nran,Reply from zx_iamcoming
pypygogo0,Reply from zx_iamcoming
oooonly3.5,Reply from zx_iamcoming
valkogovernx,Reply from zx_iamcoming
shen_nnnnnnn,Reply from zx_iamcoming
minikiki_0529,Reply from zx_iamcoming
_harrychang_,Reply from zx_iamcoming
spring_0915,Reply from zx_iamcoming
chihying_li,Reply from zx_iamcoming
steel_n_wheel,Reply from zx_iamcoming
hsulichieh,Reply from zx_iamcoming
bridge_chiao,Reply from zx_iamcoming
jia._.tin_0527,Reply from zx_iamcoming
jjimlee_,Reply from zx_iamcoming
__yizhen______,Reply from zx_iamcoming
jck.shopping,Reply from zx_iamcoming
grow_with_angel_moona8888,Reply from zx_iamcoming
iqiyitw,Reply from earth85_
evonjialing,Reply from earth85_
fangfang85_,Reply from earth85_
_qq.ozone_,Reply from earth85_
kkbox_tw,Reply from earth85_
keita1989920,Reply from earth85_
yu1022min,Reply from earth85_
wish_may_be,Reply from earth85_
arthurshen0920,Reply from earth85_
emmaloveacqua,Reply from earth85_
gummy._.bear___,Reply from fisheeptung
atlantix_is_a_faith,Reply from fisheeptung
summer_flower_0926,Reply from fisheeptung
fairy.___.lovely,Reply from fisheeptung
jan.0820,Reply from fisheeptung
chubbystudio_,Reply from fisheeptung
blondeaulin,Reply from fisheeptung
_hao0924_,Reply from fisheeptung
tin_summer52765,Reply from fisheeptung
yuching330,Reply from fisheeptung
9rainz,Reply from fisheeptung
kurosawa_hay,Reply from fisheeptung
s24ultra_stay,Reply from fisheeptung
dvdjdada,Reply from fisheeptung
lalawuchu,Reply from fisheeptung
kawaii.spatzen,Reply from fisheeptung
fudao_5168,Reply from fisheeptung
soyangelfaz,Reply from fisheeptung
_matilda.i,Reply from fisheeptung
jay_19930518,Reply from fisheeptung
llleoshaw,Reply from fisheeptung
tiest0913,Reply from fisheeptung
tinaaaaalee,Reply from mainasu_com
elvin.cxi,Reply from mainasu_com
y.abiko.photography,Reply from mainasu_com
dnshsmr,Reply from mainasu_com
civi_cheng,Reply from mainasu_com
small0124,Reply from mainasu_com
gang_07.27,Reply from madeinparadise99
wesley.adventure,Reply from madeinparadise99
gina00043,Reply from madeinparadise99
shennn_t12,Reply from madeinparadise99
raimochi,Reply from madeinparadise99
hato_sun,Reply from madeinparadise99
jai_ye_bl,Reply from madeinparadise99
isaac.startup,Reply from madeinparadise99
olopaskoni,Reply from madeinparadise99
aliyo1110,Reply from madeinparadise99
machiko324,Reply from madeinparadise99
shigure.akira,Reply from madeinparadise99
smataroart,Reply from madeinparadise99
aeri_iz,Reply from madeinparadise99
baelittlemoon,Reply from madeinparadise99
fiona._520,Reply from madeinparadise99
mu_art_draw,Reply from madeinparadise99
neko09_01,Reply from madeinparadise99
swifff_,Reply from madeinparadise99
yoitsukiizy._.1011,Reply from madeinparadise99
mluvip_mga_siip,Reply from kmic_7
kill_camouflage,Reply from kmic_7
how_edge,Reply from kmic_7
m.s_satan78920002000,Reply from kmic_7
c._a._r._r._o._t,Reply from kmic_7
quiixyy_01,Reply from kmic_7
amy_04_20,Reply from kmic_7
chihuahua94_me,Reply from kmic_7
popdaily,Reply from kmic_7
mcdonaldstw,Reply from kmic_7
zazza.zz,Reply from kmic_7
cc1xccx,Reply from kmic_7
bombbb_00,Reply from kmic_7
hipwei,Reply from kmic_7
libertytimesnet,Reply from kmic_7
shiny_wnut,Reply from kmic_7
rickyleetheway,Reply from kmic_7
lugaveci,Reply from kmic_7
bordercollie_miti,Reply from kmic_7
voguetaiwan,Reply from nnonimo_
tsiu_ho_ui,Reply from nnonimo_
xutanwu,Reply from nnonimo_
joyceweng_,Reply from nnonimo_
liga_jumpooho,Reply from nnonimo_
watchedlist_sy,Reply from nnonimo_
yo.215,Reply from nnonimo_
byeonwooseok.fashion,Reply from nnonimo_
weteamwork.co,Reply from nnonimo_
michihito_fujii,Reply from nnonimo_
angel_wen_chen,Reply from nnonimo_
owen_in_jp,Reply from nnonimo_
allanabani,Reply from nnonimo_
muinoomoi,Reply from nnonimo_
ri.desuyo,Reply from nnonimo_
siang.write,Reply from nnonimo_
xztushj,Reply from nnonimo_
om.metta,Reply from livinglifelove2023
steph321989,Reply from livinglifelove2023
yifei851282,Reply from livinglifelove2023
coco_foretelling_healing,Reply from livinglifelove2023
isheng520520,Reply from kuma.xiong_
neifer__,Reply from kuma.xiong_
diana_941131,Reply from kuma.xiong_
ursoulbewithu,Reply from kuma.xiong_
huang_ian0622,Reply from kuma.xiong_
nightserpent185,Reply from kuma.xiong_
super.n.challenge,Reply from kuma.xiong_
meadow.ra,Reply from kuma.xiong_
iresa_queen,Reply from kuma.xiong_
kazaotosou,Reply from kuma.xiong_
trionfi.artemis,Reply from kuma.xiong_
livelaughlan,Reply from kuma.xiong_
lester_0428,Reply from kuma.xiong_
xin_pusen,Reply from kuma.xiong_
tsaojungyu666,Reply from kuma.xiong_
kriskang1,Reply from kuma.xiong_
froggychiu,Reply from kuma.xiong_
kanghao_0720,Reply from kuma.xiong_
eatingyaya,Reply from jiejie_unclecat
chiong_yuuzu,Reply from jiejie_unclecat
ldope,Reply from jiejie_unclecat
6tan,Reply from jiejie_unclecat
kiwi_cool_stuff_6,Reply from jiejie_unclecat
tattooist_kiku,
suck_didi,
mami_mog,
crybabylaii,
dinnerholic,
wangwangyongxin,
wuo.wuo,
joere76,
_____1223_,
dien_ab_,
hon_sinro,
sean_xhang,
vinson8906,
surplus_reptiles,
cat.and.dog.tw,
wild_dvm.study,
chih_yu826,
leeooo_826,
xiang__yin,
katomasakooo,
o_ro_ro.mame,
airtea428,
coco_takalala,
xiu3_0508,
jacquilee627,
taro.dict,
josephine_c_1,
learnova.info,
xudahua.studio,
ihreneelin,
hannahtsou.jpg,
lingfei44,
d.h_77777,
lifeuuu.sweet,
weiweitang_,
clairechiehlee,
jiehan_loh_,
sayo3dcos,
sinobine_,
orangehsia,
myself1145,
shiyinglin,
tsai0987682567,
jerry.0421,
huangshala,
allen50224,
chunzhenqq,
pipi_the_budgerigar,
yuwei860808,
lj.dan,
du_109_guji_113,
mukatalk,
jerrylee3666,
tzuyu0614once,
justfont,
k_yeseo,
pig._1125,
cici__yamino,
ynn._.1214,
cami.tien,
yz.doodle,
ling31_0,
imkktbluu,
williamlistiawan,
familymart_tw,
fish_cook_me,
starriversoup,
ch._.0404,
_hyggexx,
wither_day,
yeeechuan,
w.wy__,
1ho.44,
nanalulu00,
369ppl.2678,
_nn_lawyer,
cccqq520,
narcos_lawyer,
lean.ne113,
18.43l,
rongkensu,
ztyow.1215,
chiii_176,
vvunavv,
fifi1100123,
tlsw13,
dsg997__,
huiee22_,
kikulove1031,
alofay_panyuan,
__chunnn,
hills.0000,
victor31429,
zhao.alc,
gracewooh,
avanguardbook,
passionate.hanbando,
wusuyao541,
redlover770305,
mrsmoney99,
twjessie,
divateatime,
tndcpis04798,
invisiblestoriess,
kkkyu7_,
pinkbean_124,
yxuan71,
hyc._2333,
choudi9126_,
tanng_x,
je0n4ny,
super.jjwanchi,
esrxnana,
_cx.0120,
miyu.km.1108,
jk09017jk,
apobangpo__7,
7syuu._,
anniongsoya_,
booshort._,
d._day18,
musiclin_1107,
all_heart_taiwan,
daevitopyangd_819,
tfgmb66._woo,
okinafa,
polarbear.218,
kellyami,
hsmk_____1202,
kyli.eince290yxm,
wz_boo_h,
ppjj1_717,
all4dy7415,
abby__gong,
bluefat1004,
dyo.27_,
herhearthk,
_e04emo,
yi_xue_0529,
vllivuxhh,
kim_surfholic,
bapdodokk,
yangyang_babyboy,
joann_kpop,
leehan4221,
bunnyssam_korean,
en_gkysxn,
imwinter_2001.01.01,
wilson_1115us,
yurmyblue,
tw.saie,
nnn.123_.1314,
hyunbin1979,
weii309__,
memes_company1769,
_ninggg07,
sjfnbkls123,
bang._.ckb,
allen_wang0209,
93.07.27,
3.ju_ing,
victorchiu1003,
thach.0536,
_1chenyu,
i0u6h_0_u6h0s,
yu_han_6.12,
hanni_329,
tanhuruuu,
_wonhon,
jtyue__,
hsien.413,
miff.art,
riwoonjin,
__blossom.46,
keieskey,
box._.nextdoor,
bingnextdoor.zip,
whoisthere_morning,
needa.hug,
5oiiicoaa,
pa.pumpkin.oo,
natti.jpg,
in_monlaxy,
ffo3om_,
yunni_door_,
coocoo123ya,
hy.27__,
blowmedia_,
psy4ever21,
cheshiremeow_endlessnight,
solefelicity_,
y.kevinyei,
stacy.yu3,
luchen____,
jieling_jin,
vkook_psv,
stern.chun,
_luuuuu.7,
yoongi.gummy.smile7,
tomato1015,
tainan_style,
lake_lake_re,
libra_29_r,
p.e.800,
yayachiviya,
irr1ane,
niu_wen_qian,
myrku_r,
susansusan3509,
isabellebluecloud,
gingerliu50,
cccty_01,
14.serein,
hhhan26,
wildandold,
xxgxuan,
youngbae88518,
tea_0122,
__angelchen__,
momo11thjun,
lchihh,
jennivine_iii,
yizhen0103,
paradise_of_lost,
hanimie__,
blublu_mul,
hsicc,
yoo._.yoon_,
ru.zyyyy,
cutie_hinemos,
typhoon_k1,
pong_.13,
ting.chuyen,
anxiousbaby3.14,
940celyn,
masonxh_,
selffcareh,
biongbiong__happy,
yujie.98,
a_vvwan9,
yyybbiii,
itsmarvz_98,
sherry7.7,
han040810,
alblnwn26.ro,
ettodaytw,
woowow98_,
do_yasumi_dk,
_zhenee,
alynnhsu,
nini880219,
hoso6.15__,
_zlxcq,
cuber_0801,
sususupernana,
hugo_sunloveshamster,
yuwonuy,
nathantriska,
wumina0326,
_sh8rry,
mr.d2017,
xgengwei,
dal1uvmoon,
moomoily,
aleezadastgeer,
l____aura1022,
yueecheng_,
sabrinawanng,
sommerimpromptu,
uniqlo_taiwan,
yoonnala879,
entnewsvillage,
buixuanhiep0429,
stephen___li,
anotherfortnight,
1yiix1n_,
wu__da,
zcohyl_,
aiiauuu,
kisster_li,
poem__bin,
93.06_19,
_ooosl.s,
sandra27yu12,
1onmely,
duck.814,
y0ming.photo,
y__77d,
ha_ha_haaaaaaaaaaaa,
dondon__0103,
__.fries,
iris_iris_0810,
maruko87512,
deep_sea_notes,
mister_phobia,
painter_verse,
infj_yuan.xing,
w.wwei,
zoe.0803,
sinyunchiang,
windhsu_,
peiyuuuue,
wu_jun__,
51chu,
zoe.com.tw,
chiukaun,
es___shen,
otu11831,
yaa_zi00,
f23115,
puka8888888,
kawauso_japanese,
youbelife,
jerrysphotograph,
nihongo.bubu,
beingimmersed,
starsxu,
fingermaster56,
udonwino,
d0o0fenshmirtz,
_ni.kim07,
escritoheart,
xiiin.__,
pei_shan___,
erin1009_,
miina041821,
soy.__.milkk,
dchong1989,
333chin,
heyhey._.chchjjjiang,
nnnneigh_,
louielufans_,
sharptonguee,
ruyi7726,
normen_recall,
__verity.c,
djangolim8799,
ibuki_asb,
_neko_choco_,
_xuan_0315,
taiwanmobilenet,
pecan1458,
alila_0921,
linapplejoping,
the_real___joe,
graywolf0703,
phoebe160.9,
_yu.ginny,
alfred_ricohgrism,
ritabunny_,
zhewei_.0308,
kpop._4_.life,
shiiiiiii.161,
milkbread_0507,
bci106620,
plan.ter11111,
zhbkt0227,
heeheehaheehyun,
_allen.521_,
kain_0815,
ruxin0623,
hanni_jeanius,
superjeans_99979,
xlqtzal,
starlord0611,
shxxwi126,
sky830308,
krystal_li68,
yishuuu_,
bmad1212_suckbro,
a94st4128,
renee.0827,
charlene_chung_1121,
vippos1993,
iwtbayyjh,
che0sea.o,
a3_ventures,
wwj_r.66,
xnn__store,
ss._.150,
elta_sports,
carolisnotaline,
wikisport,
boa_twunion2024,
akmu_tw_0407,
paeyong_moomoo_onedoor,
eduniontaiwan,
tsai_ingwen,
twreporter,
tenguozhang,
yuehang_,
therapist841217,
black_cat_teacher,
thinkinglabreading0,
tin_0527_,
zu_an1015,
hwwwox,
wen_0527,
yaaaamanma,
bi8bobo__,
crazydog226,
zx81122,
oaohyzoz88,
stay.fake_,
takemiii__,
xshl_01,
wjxx_07,
zhton,
z.cinn__,
peipay_studio,
7xuzni_,
1.8yy_,
haaana____4,
l1vius07,
tanai_.x,
hedy.021_gyoung,
jn89___,
justmi2singu,
unrequied,
__fish666,
miaomiaonj,
unnn022,
okui_w,
chi1ren,
yl.wt_,
7ikonz,
_zoehhx,
egnvm__,
sandykaka_,
passer_999,
__yyciin,
chiu_2.2,
yusheng_yulu,
djsolonely2,
yangnico513,
cachill2024,
helen.o33,
xsnsax,
khinmap.tw,
0k7_810,
y_unioi,
liam_05.08,
crazytreehole,
ann.7_,
tonglin_fleur,
branches_0n,
_wuhannn____,
jeter_42,
kalgppen,
anny92510,
imaduckhi0825,
2007_0226__,
eddielufitness,
kay.tseng_,
yuka_wang_,
w.chuuuu,
_ninafan12,
gigoli_gigoloca,
sinus._17,
ni.yy_,
pyingl_,
ooishi_taberu_,
zys6669,
gh.kou,
goodmorningfood__,
louis0429,
bmww168,
zheng_0824_,
x.lcybt___,
yuxi._166,
orla.hsu____,
guan0912,
dai9.20,
liznas_,
xczuyc,
_jinhair,
qiao._0319,
t.129.j,
z0uuei,
lu.47__,
xinai0712,
hcy_03_17,
apple_meii,
liyun_10.31,
nayadeaa,
ya._0817,
_hxy._,
_1uiynn,
lili_10.4,
baibai131314,
nnnn12222i,
nddzssm_,
lyz._.0902,
yuia_151,
anthnoy0416,
yixuan1823,
careofthesoul_alchemy,
shao_wei_ma,
greedy_lemon,
po.kuo,
justapizofk,
lily.0617_,
bugcat_capoo,
misa_double_cheese_cake,
lina_5201214,
we1_ahx,
jieni_hair_0116,
yu_2h4n432hz,
ga_lon,
smo_sapio,
lientingting,
t.t_917,
aboutjgeo,
sadon,
minmin.kombucha,
shua0522,
alice33021,
ccccchhhheeenng,
jameshsiehtw,
keepinyu,
gptsavyy,
zaidanisofri,
omnipresentandy,
fotografer.tips,
joyinnbjoinn,
ray_lu_kuanwei,
renews_hk,
kaiwen111,
cxxlyang,
tricking_yang,
efficiency_person,
uaena_lovewinsall,
marrrz23,
cyysw__,
1nnyulz7,
jujuboy629,
jj4567810,
8yotea,
queenie_0505,
azure_studio__,
_itskiina,
bichon.happyliu,
chientutw,
allan.ouo,
anankkkk,
hy_0414,
live.defrag,
alephant_0427,
blbiiz,
yann.00.c,
vidapan7279,
siiiyi._.41,
cassie_meetsanimals,
iuy8_19,
ss06.17,
calvin_lin1118,
impureman689,
enthzn_,
lizhen.149,
1syins___,
tseng_charlie,
fifi.physio,
hoyachiang,
sjalv_0214,
hsssssin__,
chan.duckwith2020,
__911111111,
volsports.co,
akihiroooo1130,
yun_020205,
yalin.90,
ball_tpe,
hsinhueichou,
lilingsdiary,
takeshinwork,
incrediville_tw,
koiwai_san,
yxnxxi,
weil0079,
doudou_mishan,
mygoldenpartner,
richardwoodcutter,
ethan_hung3513,
mothra_1961,
hikarukaru,
michelleannbaby,
agejing,
homeless_9487,
chongxinrdsec1,
qwer79,
kookisky,
spyu_fish,
foxyhime0906,
ktcho_0410,
letsgolin,
miniruby,
alanbiungwei,
kewpiewu,
pumashen,
groverlee0131,
racemosa_75_0,
timo_torng,
thedailybeast,
news4sa,
verge,
blackinformationnetwork,
yahoosports,
kamalahq,
keithboykin,
thescore,
nbcnews,
abcnews,
watchtheyard,
sheilajacksonlee,
abc7la,
thejessiewoo,
tmz_tv,
kamangor,
lee_cy,
ray_clover1_27,
badmintonwithu,
rasaid,
mirror_media,
mannam_pyc,
kaesoayasiraw,
ilju_parigur,
unilions_pan35,
pkeynet,
biggina38,
wang_gene,
tsaimimi0416,
chagall43,
pan.35,
chiaying.lu,
1013cchn,
spo.onkid,
sun___la,
andyko1988,
chunyu168,
homibha,
coffeecat1226,
dan_fooday,
judyohyeahhh,
tsinghui,
rudy__8.8,
hellohanahsu,
timmyabu,
dean7502,
healingshadowself,
tinawang1978,
setnewslive,
lovelegolas66,
shiny_1025,
chiatangg._,
hou.yoyo,
shrimp_.magic,
hamburggg,
ann_tomatogreen,
retina_anchorman,
bios_monthly,
ai_tjb,
verna_tee,
cii314801,
thestoicpodcast,
ii.ira._,
patagraph,
itsreneemichelle,
drinking.library,
bettyestpartout,
maggie.sung_photography,
jlawstock,
wwwu_63,
kiingmax,
the_deep_thinker,
jaguar9457,
depbread,
chiayu_0503,
erena35149,
3liznn,
nini_kung712,
rgfuajaiuk,
pooop_0719,
yy._.72,
__horizon1999,
summer7776888,
hai__dao.1,
iru2020,
minghuan.li,
kuan_s_666,
toshisayuki,
alan.com.tw,
__siena.c__,
lonelywomen825,
a620485,
fiveaces5,
wowsightsport,
news.ebc,
zakliu_0812,
dreay0220,
sake.sales110501,
shihhhwennn,
nash_chen,
tvbslivenews,
isports_sa,
easton_yaya,
da1namu,
liang_.1224,
jia_chen0903,
yang_po_han940313,
annnnn_317,
writersrchen,
ahtaipei,
brian_konr,
___.yuhan____,
horo.cancertw,
yen_o9._.o9,
xqy_22,
iamteresa0424,
chenqi9215,
dd_joan_bb,
yyt__.17,
broridethegearder,
quotes_takenotes,
sutu.an_taipei,
a1314am14153,
153_mom,
yuanlairuci197,
ximu_cat,
lulu_h115,
mimi20000716,
joanna_nn156,
lhxyzc_3232,
je.1210_,
morii.nat,
lyfenggg,
xun__1120,
pliu9169,
gracia_pawkery,
phen_byjen,
mad.westt,
winnie.2.7,
fit_off.167,
l.yu_11.8,
allen_1221,
neneko_ig,
kate.fit.eat,
androni612,
ritacheng107,
wwweian_,
su.chiaohui,
power_ofthedarkside,
paxiex,
no.morefog,
__healgrowlove__,
udnglobal,
macaumdd,
_oppa_01.31,
_linkaili_0615_,
wesleyyeah1122,
transo2o_pccuad36,
yue_0929,
kawiuye,
oedipeckrabbit,
hantseng_hanson,
andy_0220x,
dreambreakerz_feixian,
siyu112380,
chastity.sloth.lee,
keira.kkat,
_ai_ce_,
janne_05051,
yoyo_zyc,
sf.com.tw,
sisiiiiiii_1123,
wln_whz,
_jing1020,
th304205,
pawfy.tw,
oy7489_bhf,
ro39.fan,
sdkf14_xii,
lil._.marky,
yhuei___,
zo_ey_,
huiyu__tian,
dr_mao.mao,
jin._.1215,
hyuhyx,
0413in,
_4xnn2,
_ych.nn_,
zzyxx.08,
uno7ui,
yuelin_12,
duai_n.13,
hui_23_53,
47miracle,
rogerlin_tw,
panpanhuhu,
zhenkai._,
jimmy1987909,
marieclairetw,
ovaltine_fooddiary,
edisonc731,
siyu_0312,
hehu_2020,
hoya_yakiniku,
xurccc_0101,
chi.eatt,
ccf_0808,
ting_12__19,
_7__kk,
eric.dongdong,
wangnew8,
houdini6699,
kkkk9.9090,
zhixian_613,
claiirxe_,
py28912,
walay_healthy,
connie_0512,
foodie_diary_85,
cobiboys,
77chichi__,
xu.o117,
wuyaya__,
ahu1.24,
714mimi_,
samegodnewday,
6_jiacen,
adoradairy_,
_hh.0609,
yuridiary.zip,
1yy8__,
7_.hyq,
suyu__0117,
izenzuu,
92_0104_,
_1zzy.z,
_yu_hao_0803,
helloebi_,
___6.12____,
ahua_1,
vincentkwee,
kye_88.11.10,
jennifer__10.9,
guizhu127,
hyh_1126,
jie0513_,
dj._yuan_.0108,
eeeeee_ting,
_chun121,
rezze_rr,
soulcoexist,
ntu_sleep,
0517_y,
ly_.1025,
andau_560,
laurence.k.owen,
shakehandsome0307,
llou1sz,
0124bart,
gerbino_anita,
mirukubb2,
whitewhite212,
ggbpmyonce,
bosss3_br,
imk1130,
_9zyykk,
girlstalk.tw,
yxxuqiy,
whiteaction,
naginyanyanyanyanyanyanyanyan,
1yixu_,
znixko,
smth_dd,
chenyi0071,
1ynzzj,
gg_1715257,
_cpp.90,
__1.5.5.__,
105yu_,
tuzka535,
tej23__,
lyxxun_,
alice19971011,
memes_theft,
damnnnn_h,
vampire_rosienic,
hsuan850924,
snow1iy,
qin_1115,
see.anan,
_upina_,
celine_mxr,
carollin.514,
shingggggg_,
jellyfish89722915927129120,
9n1an.ch3n,
cg._128,
puffy_0403,
tsai.06,
xxsziin,
jsuweii_,
cn_____.04,
__cyyzn.2,
alley.0102,
_mann.024,
kna_.09,
feeltheazure,
seki_ichi0909,
yocrong,
youbelongwithstan,
no.1_dai,
_158._.1106,
9xycn_,
_.7zxnn,
zhir.1730,
winny.2100,
zhen._y,
r.vn0,
_10xinnn,
lun._.18,
yyyy._.1117,
za_ling03,
cxw_815,
shiron_0115,
yeonin0507,
yy._.yyuu,
1znnixi,
1yougl_,
yuting___3,
eo_z.925,
e.203___,
sunshinebusride,
healthyhabit888,
silentestlamb_memes,
moodyvancouver,
kotove2333,
gf153464,
leon0806leo,
sewobsessed_,
yien_0716_,
weluvemmyy,
yaqichiu,
yun__lll,
yuwei5861,
ku.sgr,
robslitquotes,
cieca.nomoto,
siyan._.0818,
symphony_su_,
ixiuoe_,
k_to.life__,
stay_hereis_hae,
ccccch1n,
ksm_dd_dog,
c.record.___,
rhobit_pudding,
z.zhen.17_,
07.ye__,
cc613cc_,
clpdin,
hannn_skz,
splendidx1025,
mu.mu_922,
7jwxzr,
cc.05.25,
lddmz_,
xiaaoaiee,
nhbmt2_hsiw,
xy.o7_,
ning_knee,
lyh._.0716,
library_1129,
grassy__area,
lai._.uu,
ocyeanicxccc,
livia_960998,
emoyian_627,
oquqomtt._,
__lyc17,
jaaay____luuuun,
ssuk12_zn,
hope0529_ruuu,
jt_11.23_,
yyyy__yya,
bmon_genshounen,
kaijay0308,
__.jimei__,
qiao610_,
junxiii19,
znoove_,
13__.yscl,
nk__chiii,
ee.0lyoon,
kuku0518haha,
haku_7annel,
sandra_max727,
crystian_724,
b.lord_88,
__day1ight,
yuan_ouaf,
comma212_,
peachtokki__,
kingga415,
10__any,
asteroid_711,
andy__0701,
pinky119z,
daybyday.din,
ayouri.k,
assam3_,
shimmer_410,
crown__212,
atomboyz.official,
rrr_gaze,
c__.41,
healer.719,
__hongru,
puppy00ii,
chase.u_,
brian_719,
d01pwns,
sheep_meguru,
miffy_0114,
canele.a_511,
akashic_bookmark_light_reader,
owl____11,
mysig_lifestyle_,
is.__.pig,
sktcamping,
murmurreading,
kuo_c.y,
bonnyread.tw,
yiling_tzo,
s.li._0622,
lifeshape_ak,
dawniezi,
728_herman,
moonlitdawn.410,
zzanzone.826,
even0129,
atomboys_haku0518,
pluem_20.08.17,
wxes753951,
domi110_,
pian88_snail,
zxwkrt91257_,
labi_1212,
k.xiong_,
imcy717_,
heiidnv,
favvg.85_,
_sy_.35,
_minnyirung,
_wonwoo_17_oo,
yu.intherain_,
who.s_likebnd,
aprilhyart,
carat_occ1130,
tokki_nn,
koooytu,
cb97_berry,
joyce121118,
zisu__su,
gguuiiy,
riyaforstars,
_ozone.official_,
jean579999,
ifans_blog,
kuioyen_,
0214_ring_,
_____ryeh,
yawn1ni,
z.xiang_6,
xosung,
95yc_tt,
mimizxx._23,
xuan_0808_,
omni_taipei,
cloud99_xm,
double__ju,
shinjin429,
yawnuna_97,
xing_07712,
truedantw,
everyteuksday,
namelessrong,
the_kdaily,
jianyingtsui,
my775_8,
eileen.plog,
__tingjia.zhang__,
zp_07,
bb4070666,
follow.ing.why,
starettoday,
max727hpmax_9,
vito_hsia,
pikapikatea,
remarkable__f,
behappy_0404,
_in_the__wonderland,
jefferic,
warnermusictw,
hsu.chelsea,
syconium,
seankuo0402,
ynnoxo,
majibear_chihuahua520,
xunn__n,
m.citricacid,
ce1line7,
fchenang,
jenhhhhhcrs,
kolie_utawoutau,
lukelu0913,
00_cora,
haaaddy___,
pattytung2383,
fifikuo1128,
tiachungg,
peiyu901,
yuwei0606,
meluchilin,
there_is_momo,
imevelynyu,
taipeinesskuo,
kuobettyilan,
m8508044,
translateveryday,
togu_maru1017,
openskillstoall,
hikolog.t,
zhuxuederen.eth,
lyuchen.__,
channiemeiko,
oggysecond,
hideo_kojima,
applausemovie_taiwan,
jie711___,
madao.oh,
9u._.24en,
blue.paper.cake.777,
baobao.jing,
fujifilmuser_taiwan,
can_hsiang,
know91248,
dpp_taiwan,
s.juan.t,
irispan_8888,
yuhan_charice,
ho_yunfeng,
yan.like.moonbyul,
a_break_cafe,
watchout.tw,
viewpoint.pts,
ptstaiwan,
pts_ourisland,
moda_taiwan,
moeanews,
ptsplus.tv,
guesswhopts,
brandondavisbd,
dcubrief,
solrodr,
jenniferlholland,
alfredoabrown,
dcfilmnews,
worldsofdcu,
carlasfilms,
movieweb,
jonbrowntv,
expressfm,
andwhynotpod,
barstoolsports,
alantudyk,
dcofficial,
jimlee,
hulu,
sakurayokose,
zoology_tokyo,
threads,
hollywoodlife,
zuck,
britmanuela,
females,
style,
instagram,
makeup,
empire_of_future,
linan1796,
mei770803,
uzre_1230_o,
locathemunchkin,
yangyang_goldenretriever,
alex7018168,
likunlau,
tiantianduximao,
xwniunix,
animalsplanet156,
ga.c_,
ax_nikk,
eric_11_17,
kulo.button,
_1yecck,
fjn._.0302,
_she0410,
ball44tv,
nina_coolthings_2.0,
shou4.18,
chiao_jou,
yvonne51srra,
lizz.tiin,
metaphor_lyu,
zozoalbum,
north.fong,
pick_up_chu,
gigichanngg,
bearanimalhospital,
dccbyellie,
animalenergyhealingcenter,
pinjuaaan,
_bbr_8672,
duan0.323__,
chen166_,
yu_jun_8813,
meowmeowjiaojhu,
xx_1127_,
brightsoul_lab,
its.you940,
shinee525tae718,
liudidi0319,
kitcryx,
timchiu39,
springwavemusic,
lazy_benni,
fatboy.wise,
bad7530,
my_name_is_dino_,
i.am.rita_,
ppoq888,
tae_jong.525my,
__chou0306__,
lemon_fuji,
hm05061101,
0713winnie,
twspca,
ncku.vdogs,
mymind.hairsalon,
gracieabramshq,
abbywaisler,
nowayout8899,
pinxidu,
readbooksmrt,
en_we1,
ding_yu_tse,
cutect1688,
jsos.0710,
yoyo_i234,
alice.juen,
sydneyc211,
fang_yi0120,
fattyboy0u0,
alokjogc,
banbi217,
jie_12.10,
148cmo,
smile644,
nabila_qabrdy,
esraa_gamal1998,
light.of.source,
ken.chen7777777,
warmth.gift,
mydailyspiritualfood,
mandysaysth,
elletaiwan,
harry_li_0528,
hanhanpovideo,
drchesttu,
chan_kit,
hjy_06018,
spacerocx,
3lot3ro,
_animestuff_77,
pingu_museum,
_ildaa_,
le_cime,
momttime,
baby.siona,
jozr_93,
dalilapayan,
_angie.g22,
shr777eya,
797mani_,
anaxibarra,
nicole_ven,
nayahbonita,
amkamdhn,
coco.maxy,
crownopolis,
noahulian,
danicaelainec,
crambox_creating,
morphebrushes,
nickelodeon,
madriiya,
calm,
neacsadragos,
elxzuck,
feelingydiary,
stefan_g04,
betteryouliving,
jiyaanotes,
eatsbycari,
itsbookgains,
guywithcoolusername,
lorena.veres,
pietro.terzini,
mindset.unchained,
alexaubreypoetry,
theoverthinkers.ig,
socialart_2024,
yokaidaisuki,
ani3small_yellow,
kuroerei,
faces_publications,
versioncp,
standsalonelytree,
_narsoysauce_,
jia0kelvin,
xuann_illustrator,
aitseng35,
e.nzzo_1117,
lin_yi_ying_,
lukechen2024,
netflixtw,
jing_hua0112,
anny_0093,
moon_0505_byul,
simon_co.ltd,
han.life.diary,
sportsnetla,
tesstess216,
an.je_official,
huoeoo0920,
mythjw,
sungdailylife,
mikeywu_,
labiching,
lilaw530,
zoey.kv,
purple_lovetae07,
lipu.__tukamoto,
lirolin,
little.cat.flying,
30jknono,
xiang_0718,
mantoe_noli,
8analin,
smfp.tw,
c.y_suuu,
taiwan.image,
cutecat_dust,
bbyk168,
uiniwang,
lingnako,
wei_5.33,
whiterr1997,
baby05070413,
live.furry,
iiiiiian__,
winwu510,
annasui660,
whatwomendiscuss,
babyu.084,
hq_11.05,
_chiaochiao,
iam99ww,
54ebiyaya,
sinsin317.tw,
aheadsalon_tw,
findingkwame,
stephanspeaks,
supersetpapi,
doctamanda,
kingchelsz,
xxin_2002,
cutechris_plaza,
_zhhhhh__,
nikkilin,
pehlooeng,
asun50809,
lwaxtayal,
dove_ktg,
557wvi,
sadako_handmade,
ngalimtw,
callmehow,
jennyfwu900220,
bb._.bbin,
fatfatfamily9487,
taiwandreamer,
py__y291,
sixmouths.sixsuns,
aiuanyu,
uuuuuuuum_art95,
eemanonn,
xin_______7,
askz.bbin,
kiyyurae__,
fearless_________,
_sinins_,
mx.ab__,
beauty.wanna_studio,
bvulx0,
rou.yi_,
22.26,
minimalismio,
mymydeanfriend_2,
harrod4227,
chengbeagle.milo,
lotusmimi72,
yeshouchen,
haruharu_meow,
b612star_,
oozzyyboy,
da_x_tree,
snarkktank,
g.h_fans,
boriswang_,
t1hua228,
panyung_1029,
luminous.0308,
ena_deokjjil,
ban.mei.onnnnni,
paulwangforidol,
vvitamin_0506,
symph0nia,
ettodayboba,
we_love_maltese_,
jimao.words,
yu_zhen11.13,
iampotatoooyeah,
05yy_door_,
ahahahyu_,
gguuaa_7,
__cy.1213,
happyhuman_999703,
1020.bnd,
imnotbored324,
minhyuckoo,
chuujin__,
kun_huang.0226,
shika_memo,
joeyabanks,
yichen_9197,
simran_abid,
zhong.__.9102,
memeofguru,
1013zhi,
itsmarieth,
ricor_photography,
hiyifan,
lining224,
sahar.rao_,
the_girl_nita,
doggololz1,
brat.blud,
fantata.2,
ku0115____,
kakubin_9527,
djchuenrmxhk,
yaanggiu,
regular_mokuroh_lover,
vantevthk,
atopos.t,
all.in._.youniverse,
airiver.co,
xwinyujin,
circle.asahi._,
lamwingueee,
hiulammchan,
cyzorgg,
forestwen,
findgoodthinggg,
haruhikolin,
stanleychouo,
hong_1211,
ou_.zc,
yitzelin,
yamada1998,
jeffchen_taiwan,
shinnycompany_illustration,
movie_mood_here,
tumeboxing,
xxmodgur,
_.x11n5,
a2542739,
sffaxry.12,
vienna_liao,
frank01110,
to.hw_0115,
laurinieronny,
eugene_khoi,
rinaa03z,
hcxiii_,
yufun_0420,
narrie.7,
langlangdontcry,
yeh_naiwen,
siping.su,
24.angel_15,
kamja.imo,
zhenhuii_,
en_bubble_,
karen_fan_,
luv.suddenly,
yly08126,
emmett304,
yut1ng_530,
rock_records_taipei,
unus__official,
989alan,
shishi.0718,
siyu_2.0,
thinkingoutloud_pa,
4.10_cy,
seanko61,
gao__guei,
dooooo_dolly,
hitsujiyaehon,
edda2238,
linewebtoon_tw,
ymnk_twchinese,
habertliao,
dale18light,
ernie678988,
kiansintshua,
hang_a_niau,
rakumusic,
el_lution,
meeelody__7815,
sanwang416,
deertea_comic,
calico_cupcake7,
write_in_dream,
wabi.creator,
eb_luv_u,
yunnilee010925,
hsu.foodie.gourmet,
chuchulucia,
zzjl910929,
zino_5hi,
tsayher,
gueilann,
kkk_fivehorns,
_guan_zed01,
dea4_0004,
yorui_iii,
little_myloony,
yunawang._,
astronomy.819,
yyangsh__,
nada.vis574ktt,
ichiku17_,
metide0r,
chi77.77_,
_osh111,
rooster_322,
keyaleluo,
sikuras__,
virgo.murmur,
kaiser_.1225,
_alisa0506_,
_asahbae,
amo.suga,
nuo4.10__,
lizard_b.rain,
sanmumu_li,
rerere.plussss_,
yanzhen1103_,
xccccill,
9do_819,
c_c000100ur,
douwantsandwich,
ligonshami,
x70rin__,
du_0318,
kuri.maru.happycats,
ta_erasugi,
be_the_lucky_girl,
nninibbn,
rae04lee,
alcohol__alive,
lu_.zy,
winiyu_,
morinaoun,
wuli_wan_,
leyytins,
lezzzzi.920,
xxajsd11,
i_foxmilk,
shishi__1217,
singwuuuu_,
i.__19__,
tamago_1928,
self54321,
qup._.dnb,
smel1984,
_tingting0207,
siodaaa,
howarddelevi,
_hsie_h__,
kumi_uyu,
jimmy3chen,
6.0023_ya,
bm_bp4188,
super_anxiety_,
yenting._.0310,
1znnny,
1xczyk,
c_y1.23,
yj.__.0718,
wil6yyy_,
_17ing,
sunyidan._.0124,
ii_ioxy,
linnnnn_.1013,
1cnzu,
zxaniia,
lcl._.1029,
t4142800,
zxuii.n,
ann911231,
gg._niii,
yoo_0917,
oneiric._.lmnop,
funuiology,
moana_hsu,
_z.147,
haohaotien,
jnz_0610,
himalayaapp,
usagiiiii__,
angelachatte105,
hth20131015,
0612ray,
roland_0109,
tsutsu_suu,
niu_niu__shop,
ouchi_selection,
288.21,
suipianstar,
majormajorchou,
bookkkkkkkkk11,
ian_husky1230,
reggie_screening,
enn_tarot_,
emerald_illustration,
child.plant_tong,
eg_wukong51688,
soon6669,
wtfmemes7788,
da_da_mamama,
booker0988888,
liou10.10,
nori_03_05,
asd5588123,
chnchn._08,
ford_chenyong_1028,
chenyuanxi1990,
c1ory,
7cold._.p,
meteor__7.1.9,
chihyyy,
whiteshore,
08_nisaxiao,
jojojojoliee,
yqr_1127,
4icyn._,
ronny88148,
lysn.0411,
yuxuannn._.17,
hhuuuii,
ollie__o,
ryou.1020_,
cxxhushxx,
524frances524,
cshawnruler,
ziiiwuu,
luhahadog,
tofu_the_pom_tw,
anililayy,
jo__shua_03,
kyini._,
yy.t18,
weien0505,
__ct77_,
flyhighhigh_vc,
love_0903,
shaohua0116,
ai.libai,
soilnike.nike.666,
wwswwang,
angeladay_anjo,
ririkai_0003,
lei_tsumi,
shito_1018,
dawn.s__,
1na7oxo,
h_ms_t_ykn,
_pclo_,
ling_850918,
pann_3.17,
rukhsaar_rayee,
chungwckk,
c.cheng_75,
antice_jojo,
yin._.315,
cheuk_rw,
ma_go_shing,
likz9_,
abyssnyx___,
its_ron_000,
an.90s,
_se00tsu11na21tion_,
massss._____,
ytdg_is_u,
imf__502,
06_hongkongcuber,
mr.jeff.rey,
master_4llen,
reefchang,
33l33l,
haesullover,
cciiixuan,
1yingtsai,
thatbelieber_tw,
itskarencici,
thaeiht1,
lun.__.121,
zning_236,
yunqi_1024,
goodter123,
kaohaoche,
33hirai,
peggy860508,
risorius12,
_cw.lin,
songendlove,
weitongtong,
chendaswai_vol2,
fred5566a,
dino_is_cat,
liiiiikuiiiii,
myroncxq,
kun.yang__,
susuuu1119,
meow._.meme,
godmaxspeed,
cpy_1011,
platinumvocalsinc,
skurtgangg,
thefilmspoint,
just.sitting.around,
ftvnews,
_ngc4151,
the_goodfilms,
ch199780,
w_9210_,
smygenniee,
nocolorjam,
rubiollmylife,
angel_1996306,
kllocck,
yhere_klife,
aaadan0416,
cai_flg3.30,
8lowm.e,
ys___wu,
midiqua,
mjjtaiwan,
tzuyun_53,
cape.flower,
chibc_,
violacea_indigo,
gracefang004,
take.a.pin,
rainbowchild7,
vergil_5566,
jeffery0708,
aprilc0423,
_sheethappens,
hater0604,
liyu34034,
rachelthebat618,
wearytolove,
fireexsam,
catsfinger,
banbancat1986,
a14508787,
cha_ya_egg,
history.cwy,
j.hao_official,
darago_2023,
mimosa333hi,
4xgay,
m770613,
lizardcinema666,
taidufenzi2.0,
stop_understand_it_feel_it,
davidchen412,
shia1207,
ayeh7524,
wlf0827,
peick86,
_yanfc_,
y.p.su,
babujushi,
tasu_pepperfoxes878787,
hana_rong_,
people2planet,
_lil__way,
cancer_boy291,
higanj__1004,
ovo8_7,
cowcfj,
vanpower111,
Jun-67,
sunnieseal,
trista__bear,
pigs_week,
77517.77,
xi_chang_,
cici_uni48,
chuunniio,
shootingggggg,
kuanyuchuchu,
a2206341,
andiisun,
hongyuisme,
polar_bear5215,
lifeisabitchbutmineisamovie._,
zentt1,
lu.nna_0,
berkeleymews,
path2progress,
welt.feuerwerk,
67v_tsung,
psychobunnyzzz,
abigail_feng,
remoksha,
fly0305_study.note,
jean_lai_hg,
zhisheng0967,
tinganho.info,
zetn.yu,
ssuchin47,
i_am_not_cary_grant,
savungaz,
__mochuisle,
hsiaotingfu,
greengreenchang,
ru_12_26,
iou710913,
9206_16,
xin_19970216,
tide_ef,
lou02_10,
kawei_things,
jojoli7070,
sschang___,
healinglove520,
tarot_skk,
muu.c_,
beining.168,
hello_sunhan,
931_doodle,
ffrich2024,
chung_0633,
laguna_beach520,
stu.taiwan.pol,
carolnyculaw,
makeworld.tw,
yang110002,
mogu.tw,
fatism_foodie1201,
c1ongye,
xnnh1z,
jamesiscurlytoo,
clarifysky_,
makemoneywithhrda,
ritaw19101,
dido__bbac,
ibe.indeed,
iamaria.baihuang,
chewies_hk,
shihmeihsu,
luca9112284.0,
chris.data.life,
jlizzy15,
wanchiger,
poppyoh17,
lalunewitchtarot,
miyabizhan,
c.1127__,
rabbitawolf,
edan.and.then,
mirror.yyyy,
_yy71,
vt.lv.edan,
shana.qh_,
loveloloansonlht,
yauchuuu,
yanzhen_0105,
hsuangirl_,
kt_note_diary,
blue.creamhoneyattack,
anly_lolo,
weiwei4320,
_85e__,
yan0904._,
shoumethemoneyxx,
jckan83,
1z0984,
miya_tai0308,
ins.panda,
s_huifang,
fy1110.lin,
t_.oy0415,
feng___313,
wolfs_5714,
ee.zhen,
stars.magic_,
yooo_0.8,
chien.24.cmr,
dolly7.5sheep,
hsiuhui_f47,
__wei1207__,
hedy24__,
bettychi620,
fff00.tattoo,
ericaheart_room,
z.cxy__,
kissfengze75321,
yiiiiii._.7,
allen00382,
__cq17,
ou_yang__,
seokmin.17_,
yks_life,
luketsui0131,
diegodtk09,
onion30504,
b_ystery.03,
nil.nauy,
taro_taro92,
ryon_zzc,
yyzzau,
sieg_pacy,
gracejohnston421psk,
preschool_teacher_lion,
evelyn.c_622,
jjjjj.rrrrr04,
banila0903,
75buddy.leggo,
fat_.chun,
wuu._.0128,
justaespahk,
917.foto,
hsiii48,
simonlihoiman,
728_info,
sihyun_chen,
chiikawamemes,
dogbear7936,
abby___0311,
ktyayj.delulu,
debbieee_fan,
zh__8.16,
connie_1118,
chienxxs,
vis_always,
lovepooh0316,
_w.x.y._,
lolion9487,
draw__artz,
owaveismebaby,
yuchi__970516,
fengzetw1031,
__.ruooofz,
fengzehk1031,
l.terence.903,
nanna_christ_,
ft_10.4,
00letstakeanap00,
nz_75321,
chu77688,
zzy03_0416_,
liwei_116,
deni_acoustic,
mutsukenn,
stacy_withtree,
the_david_liu,
lufuling,
iamtellingalie_,
hellovic0202,
lytrss_,
c546666,
kk_nuts_fm,
oneonno_,
yourk1__,
p.a.u.l.li,
_an2.9,
qbii_qbii,
_yibi.yaya,
shepherd.travelll,
vincent7182,
7cc.o8,
fertilitydrtan,
mlhcnmz_,
jay95105,
buckhu47,
strawberry_cats_,
khbenlife,
minininimi__,
xr_0928,
k940424,
siv577,
ho29457111,
maggy10234,
fong_fong1206,
takunekokoko,
im_04x06m,
natsuya_kuso14,
barryliu_tw,
fengnine_enya,
xiiiinya,
wtalk.me,
yasashi.jpg,
edanlui,
nerin__sg,
hkw0lfs___mat,
myann_411,
_faaat_o1,
rap_tv_backup,
jdufy0719,
itsjinbo,
sunshineelaii,
shoumethedesignxx,
pho.fmbb,
lionsyulon,
_huangpeiyu,
voyd0423,
nowtwmillie,
96_o6_o6,
tvbsteatime,
a_ga0515,
fengmi_paper,
monkeymiruku,
terryofking,
tarot.haru,
mmei0106,
tyingw_,
vvonlyqfz1031,
kalaiyuu,
pumpkin.0606,
akinaliao,
_expecto_patronum_0325,
disney_online78,
iver_entertainment_0,
hpmax_haru,
jessemusicphoto,
onerepublic,
quoteoff_theday,
momobear.3_3,
lyang0601,
stevenliu2261,
ggu__kim,
haru_uharu_,
ya_1026_0407,
sports__tw,
hkw0lfsjj,
hsien_1994,
yucy_0214,
yeeeeeeeee1020,
anu_takislingkian,
trashband,
xy1ia.6,
allen_y1113,
readlesslife314159,
cineplex_tw,
super.milk.tea,
daygecko_tw,
mitsuru_on_my_bed,
_quencill.m_,
youenyo,
shuchae_58,
lzjr_zjrl,
ghee_official_,
___meizi___,
amg6363335,
bo___o_,
fan_bigorange,
cw._1619,
kaikai00213,
bolicocol,
happyleebuta,
wu_b_ear,
xxuaan_94,
sogoman_office,
dovahkiin0825,
amazingbeats22,
zyq._917,
kepler.812,
bobechebobby,
ganpinjie0922,
zittong_,
mike___1030,
l.y.c_1023,
virgotw88,
jc_0605,
ccyuuz,
philemon5788,
pinhua_0916,
xiumei.wo,
just_4jokes,
rufy21050,
xxyniin,
eremi_kasa,
rr112215,
thecoffeeseriesbygrey,
laylapeonies,
qiulilau,
thecurlysunshine,
husky_0708,
ayayaruiii,
fantasynecklace1998,
p_ippi__,
naive_owo,
xiao_yu.316,
yuchieh_apple860924,
audrie.xx,
redwillred,
cxzyq1314,
breeze10_31,
ctttt.26,
xiaoyeh__,
yc0503.p,
ikatalien_1025,
ririta_milu,
betty_hung12,
jinglin.for.auztin,
soulstudio_jewelry,
shape_of_gao,
maokeli01,
gueiii_8,
ling_2022.2,
yeondonie_0304,
the_goodmusic,
01maltese,
clxx9s,
hsuan._86,
realme.13_,
tzu63_,
areumbiya_,
xiwang._.07,
my.nnnna,
saykrinje_24,
cccy.li,
microdps,
niyfulx,
__yuuuwen,
lussstable,
_chi1209_,
shot_by_james1217,
zhiyang_yan,
_ocean.inc_,
ocean_stories_,
doctor.undefined,
w.ningo_o,
_mumuru,
hua_199906,
umy408,
a_xuan0814,
chencheniam,
an.na_chen,
elephantflavor0407,
spicygirljapanbuybuy,
ccchloe_93102,
yuyuisauu_,
terrysoonyu,
kanna06.06,
dissney,
owo_meme,
_22_zhi,
forfreedom0117,
_10aaai,
surgical_designer_,
sian.0319,
fuyi__19,
ohyoyo36,
mia_for.nelson331,
a50209000,
_cbrb,
shinebbbetty__,
lisa_chun_,
_97nuna_,
_hee.07,
_lucifer.ll,
nini_foreverlove13,
chiikawameme,
mjstar_371,
rose.elf.ashley,
susu_tranquillife,
333_diego,
jojojo_0713,
yuan2.21,
ann_ie_789,
mii00oomii,
rere_1130,
yijin_12,
98_75_,
laraxy.9,
77o_o49,
ak.hacker.ak,
wudi_kjng,
henrylee0410,
bill1216s,
mr.ledardar,
ha_ni444_,
okitahane,
_panyooo,
yu.__713,
wwanope,
cylin.az,
rex_0320_,
18kkaz,
w0913667909,
taichinzzz,
uri._.929,
tuettoi_official,
cupoftea_mag,
jojo__wu,
lin89260rerw,
carriebeeng,
ix_raaaaa,
hlamouo,
kencanjoke,
g_______v_______g,
kobetien,
victorchung._,
kh0123we,
c.ai.ningning,
yawarukas,
_9nlzy,
art_y1014,
pinchen._.0310,
hahatwotwo.memes,
zis0505,
beibeinru520,
3.cho_,
mz._.w._.mz,
snake_feverrr,
acccat_memes,
_w_t_0808,
kuei_1136,
st82blur428,
maxshihh,
soulinlove,
anny4wu12_,
yersan123,
1ieeen,
gaohui5580,
156.7cm_1105,
anna___nunu,
jun2.18,
sliptojapan,
00cfu,
alsh._.401,
lchtracy_,
neilkuo84,
cc.___.422,
hahahamu.0w0,
mumu_uki.228,
miss_meolly,
conyyyyy___chen,
kage_to_hina,
__doggone._,
lea_haruka,
_mra_15_,
jokerip,
kyanmahh,
jane2tsou,
tsuke_0926,
_azusa.123,
shrimp_.food,
unipa.co,
phc.126126,
sylvan_1017,
liangpanda_01,
hao_xiang1027,
timzou_,
dohui_diary,
phylice_h,
dhksrbsdk,
yeking0117,
bbb_konbanwa,
hogunzi__,
taipeizoo.panda.nana,
smilepeipei,
pon_pon_lee,
hsiangping.hung,
siew_chun_08,
_choco_fu,
dreamtrend_tw,
xiaofang0114,
kungfupoker,
4.rajii,
uu111nn,
jierubyyy_,
ilanspa57,
7nyizn_,
guoxinhao1104,
aaron.0320,
futurelovewei3,
shao.floral,
rebecca__0525,
pei_154,
yulia322,
yangsongju4,
wonderful_moments_love,
83.09.09,
sean_91312,
benson941211,
br_0222,
mabimbap,
melo.1031,
jiun_0223,
almost.ch,
oiovoy,
phoebeism,
wholove_memes,
1o.ooo4,
eason74,
ci_n01,
linda_d.d,
taipei_naive_boy_2019,
miaopoyatw,
cc.s_shop,
drucker_success_science,
eva.z_,
osn.osn,
cyndifuu,
siyu.syc,
xxylchenxx,
_841203,
your.beuli_01,
imtingwk,
xtzzz_06,
chang._.ella,
r_luo_,
r_hyjm_,
keo_07_,
080530_yoona,
ch.yyy_51.90,
ni0518,
kyh_lire,
bitch_089457,
zi_hzu0628,
timeouttaiwan,
zoevil42,
ys._.0824,
ying_1026,
yuuu.____,
_lp_sora,
yujie._.0406,
5musictown,
chihii_wallpaper,
tumozazen,
foto.maedchen,
jjll_____,
zenor_crea,
_charlie6.6,
souichi_lai,
abstractjity,
shfxaan,
tonsil,
cat_is_our_life,
azastroguy,
thesecret365,
yhattw,
catwu.wu,
auntiegold,
recdope.ps,
chunyun14,
gelsey_00,
sarahoddities,
deeptalk_dictionary,
threyesraven1031,
eileen.ginsui,
lawyermolly,
moonxianart,
onewaydaisywei,
lovevivi_kuo,
tinylabcoat,
bearba0ba0,
2he2he_,
akari_no_renai,
suzu_renai,
mitsu_travel777,
keiko7837,
soulsweet0714,
raphaelvue,
hunglutw,
hsunwuu,
jacky1116,
misterioso.tarot,
bayernxcity,
wentengchang,
hl.0601,
emmy_k.life,
dayuanlin,
smallblackpug,
fisher_1202,
eggtart_0718,
sharon173.9735,
social.genie.21,
coisini8.14,
muwenthebird,
rue.no127,
misswhere,
_.mephist0,
riaju_uzai00,
lolipop_utaite,
corn.lee_art,
alyssayang13,
chlenlen,
butteryofukashi,
peihsiuchen,
fkkwu,
road2drive,
fangjouq,
kryxoo.8,
hao_94_42,
yisight,
jkakykk,
lois0920,
no_pen,
chinesegraffitihub,
chill_out_tree,
simon_write_copy,
rain3loll.j,
jason_lee_0821,
vivianwangstudio,
dns_editz12,
samdaitw,
wenchaichai_666,
ruiwei.bun,
tong_tong_wu,
ily.w3s,
stvbbc,
rosana_mascar,
tatlertaiwan,
sadgirlsanrio,
tylerlaaam,
albertlil,
ves.0426,
__tszkit,
kasa852,
lulubepbep,
winnawing_,
_tsunnn_,
tickcats,
quietly_stayed,
wholesomemeettheinternet,
wanillacoco,
pembslad38,
bernardchanxdd,
copylion,
cschenggordon,
wumanzoo,
tudog21519,
cloiii_,
sung_cheng_jie,
leemingle,
regina_rainywar,
ymhuang_illos,
louiswusbm,
l__morningstar__,
jinlywong,
vivian12363,
am10033001,
hellozacphua,
leveragelife_qq,
mr.k.victoryrule88,
sihyu.c_,
gardenner_emma,
fatnerdstock,
beetlesdiary,
lazy_kar,
daily146_,
breathe.island.home,
rerae.lamia28,
_lakewithpool_,
yuenrene,
sheng_0702,
tyntseng,
fashanke_chen,
betty.radio.tw,
chuangwilliamparis,
samuel__chen,
yaotingnon,
pallsecafe,
itsyicen,
hhh__tamaunicorn,
dog_god5,
swiftienationts,
pcf.eventoffice,
jakuziyong,
bmchi.xxi,
achu1228,
chunwei.lai,
jupingkao,
liamw_u,
karinna_liu,
colin.duben,
loveagrogirl,
sport_uncle,
minchan.huang,
liiehiro,
ting_shuooooo,
yc.06528,
fish.dairy_ca,
eternal.676,
lilcub24,
_yu1118_,
yuxian__0905,
haru.17.6,
beiyifang,
lucky70648,
kai_kuro528,
oliverchangyo,
elf._.yyy,
ninghascats,
cxy_.0607u,
toro0116,
z__daily_,
sofasweetpotatomochi,
hiro4672,
emo.psychology,
snow0224,
dotdot.fun,
big.wei,
tslsigner,
citiesmemory,
evaa.llinn,
_puuxy1o,
chan12._.21,
minhua_0108,
an._.chih,
yudijheng,
itsmizu,
maxine_4224,
doho_ninten,
ncueaul,
liam_0321,
scatty6107,
linshibi,
nailri_nail,
chihyuan0424,
sutree7913,
liiwu118,
sun_l_mm,
hedybaesamoyed,
doris.lee.0628,
carychaa,
ccjzv,
y.__.m___,
juuni.s_,
yuuka_00911,
_155.5cm,
fei_yyyy,
lkayen__,
jc.xin_,
underbloodment,
sixpence_photo,
d_error_b,
jeffrey_999_,
torinstaycoo1,
peggy_neverland,
shengyao0606,
imobert,
tomriesestin,
mickcool,
yannnni13,
amkaspe81939,
_327.ch,
summerandchili,
yuehchin_lin,
corgi_kudi,
beastwice9,
jiahuas_life,
lovenjhyein,
ht2xx,
qiannee.e,
chi.623_,
thinkyou405,
fifi_fifi8,
lin_ling77,
rock.1020520,
beerich168,
yuyang_0927,
myunko.0413,
z3s1l2,
wacar2004,
meni_shu_,
noraneko8390,
yourfav.mae__,
artvids,
this_is_real_erik,
calligraphyvideo,
6scarrr,
heapetofficial,
bigmvp1688,
raiensnpaa,
leoz618,
reina.panda97,
ischloe,
taidesign.studio,
yanz_728,
___imemily,
11.sydney,
jj20131000,
weichen210_,
tattoo.sally,
mystery_case_life,
bestworldfamousfaces,
ynso_tv,
rli.120,
2ii_____0,
haniiistone,
chichiseyo,
joshuji_1230shua,
joshujishuji,
mayonew,
fishfish__0623,
agustd0718,
j___h___.0130,
___sj2237,
_kai.jelly_,
joyce.321,
doublehanya_,
a_syuan__,
liangbobo_t.c.g.h.z,
jiajen_1003,
nan.not_a_number_,
uuuuuu_o7,
the_mikooooo,
hey_foodla,
jin___cov,
evanchu1998,
fish_0125,
helena__0802,
shennntai,
ironman0220,
chiang_xu_,
c.yyahan,
haohao_1006,
itsbitchiwawa,
cheng_4.10,
wei.zhi._0506,
pristine.1122_,
milk_0121__,
_lalalalalalu,
l1ttle.cu2ly,
winter_hawn,
nov26.yt,
jingu155,
ying__.0809,
preciousu_ho5hi_,
dobe0317,
hotchkiss.din,
p.popcornn_,
chchibi,
___jiayo___,
__yuna__77,
ee.nnow,
aisa1108,
uhoaichhoa,
mantou_0611,
ccc2_0803,
monsters_co2,
_y.y.z_,
teacher_yan_zi,
_pei_1018,
at.wayz,
_tina_0530,
rannyliu,
rettoela,
gobo_dogg,
jasonbar_liminal,
beryl_calota,
oh_ya_channel,
kk3205,
bhccc027,
shoina_1026,
i_am.a_doer,
nbatmlera,
alvcc.exe,
peiyu_2_18,
zhenweeeeei__0315,
leewetherall,
nonpro_kpopstan,
moaizzaz,
_is_haruko,
qzvi1994,
ccpxi_8964,
oce__dlp,
aida0620,
wuuxinn_,
xu.ru8m_,
sa_ya_xx02,
minwoo._.406717,
j.zznn13,
jenny.72775,
lubovsofia9,
lavisuaz,
zyunn_8,
ktgn556412,
rnmeow.wasm,
og_programming,
wellyseo_,
iamistobi,
jengsu,
ikareterukarairu,
teachfortaiwan,
meatbean_913,
chainloop,
itsjiangyuhan,
okmondays,
from_annie_k,
revel.taoyuan,
hau17391,
labrisa.shoes,
lyc._0521,
yc160_,
myg.065,
____nihao,
yyufzn,
anya_lee.tw,
purinna_breanna,
fotokrabs,
chen._.1105,
imlini_,
c_z12478,
yongdi28,
light_yueh,
lightzeus8,
iansean0405,
flower.0728,
mentally.ill32,
chuhsuan0619,
queenie_kao,
_.ziinnny,
_dlmlt,
giant.923,
hu.claire_e,
zukizxx,
sssuda87,
binlin1305,
jia1214_,
liuf_3905,
cqh_.1025,
yuan___ou,
kaya.tarot.lenormand,
pieces_healing,
nachat_wellness,
yuwun_a,
makiiiii_bsk,
xiaohe_din,
mei_4524,
pollyanna413,
miyaxxk,
s1m.jz,
made_potato_,
cc_.o6_,
son_of_formosa,
ella1u_,
yeoggii,
tosimyura,
__lys.13,
ensyoku__,
nnity_1,
jakehoon02____,
rice.cake_kai,
runi._.star,
mxc_iii,
qu__zx,
ikuanstyle,
nfngi21,
sunon.e17,
bibi.kachu_,
_kmrsy,
_818yu,
nari04__,
mikalo0831,
msxxivxix,
hachuchu20,
en_hamu,
bang_ul_o._.o,
seominie,
steppanyyy,
g_t_y_9417,
na._.yya,
sqrna891,
hytv_yr,
e_cheng0609,
ramyonz.15,
linynn1x,
2san_04,
bebabe._.milky,
j_wonwon_lemon,
_norinori_noriri,
jackkkk_0117,
p02star,
lyp_317_,
sica.sica.sica,
nini__1904,
iixs_o_423,
_wnwnnn,
miyukilin1216,
ddhb_0304,
_ycnk0031331,
11eiei9,
d_w_t_o_1031,
justforatb,
mi.i_i.eye,
phebee124,
linpinue0124,
_.list_.622,
ilso_tw,
pannysjexo,
waluwalu__,
edmo_324,
fenix.m_1008,
to5.uch,
teresa__0613,
_to_hachi,
mo_dnww_1117,
shu5tar_,
minxx33,
star_shining0828,
bae_99927,
_im_hc,
_becky.jun_,
june_1104_88,
yuyuki_711,
14.ooo.14,
_joker_cakkke,
_ga0n_,
yii.1024,
nita_diary,
jun_diamond.12,
_zhen11.02,
soulinpen,
bhkuo0506,
it_48_,
puppyunyunie_,
ce.lia_56,
zhora.79,
syun.e3,
_02au,
ov_ersad,
yu.lin.zhang_,
dannn_0524,
_zixuan__,
leou_tsai_19950809,
loving_atb,
nlwgf2024,
ccy_38,
_jnjs0002,
hoon.iij,
04_jjjaw,
murmur.96,
juliescatnip,
dunruo_,
310.ce,
winterfs_01,
hermione_0626,
candyuxx_,
zyunnie.6,
txt_soopii,
kynthia.__,
jjnoo144,
yoonwgh,
wecallitloveryou,
km__9597,
h7ane.z,
lifanfanli.412,
chuiiixx_,
16y_6o5_,
m1navs,
dororo._.w,
chanibang_skz,
hsuuan,
royroyliuliu,
bnbexpjjj,
mj_aqua,
disrespectfully_paige,
karenab49,
huang_ming_lu,
djvia.jojo,
cmkerker,
clio1008,
junyen.w,
james_kaorufromazoth,
confidence.jumper,
winny.rd,
afterwork.startup,
amberber0520,
dr.brain_,
nian_318,
summer69cool,
d00114947,
suju1106jas,
pikumomo,
tpcmaxshih,
heartlesstaiwan,
ohayo.ta,
